№   ;Tuman;Mahalla (МFY);Manzil;Yer maydoni chegaralarining burilish nuqtalari koordinatalari;;"Maydoni
(m2)";
;;;;Uzunlik;Kenglik;;
1;Mirobod tumani;Furqat;Nukus ko‘chasi 19/2-uy oldidagi hudud;41.288492305124905;69.27270711148488;105 m2;бўш
;;;;41.28852555926436;69.27265749062005;;
;;;;41.28843788922381;69.27253947342801;;
;;;;41.288396573416755;69.27259311760622;;
2;Mirobod tumani;Алтынкуль;Abdurauf Fitrat ko‘chasi 40a-uy manzilida joylashgan hudud;41.27065262024191;69.30258222542358;140 m2;"	
10:11:03:02:02:0089 ""OLTINKO'L"" МФЙ"
;;;;41.270605749297566; 69.30261105916732;;
;;;;41.270515535234736;69.30233345056482;;
;;;;41.270560894276336;69.30230796958197;;
3;Mirobod tumani; Тонг Юлдузи;“Tong yulduzi” MFY, Vodil ko‘chasidagi (“Alfraganus” turar-joy majmuasi oldidagi) hudud;41.288340382717344;69.2994151212166;140 m2;бўш
;;;;41.288366962544956;69.29947033888419;;
;;;;41.28855820732698;69.29928656758419;;
;;;;41.28853162757724;69.2992313499166;;
4;Mirobod tumani;Юксалиш;Qo‘yliq-4 massivi, 38-uy oldidagi (263-maktabning shimoli-g‘arbiy tomonidagi) hudud;41.249589991456254;69.30820817387273;105 m2;бўш
;;;;41.24958895961462;69.30863332007812;;
;;;;41.249543075748626; 69.30863197879529;;
;;;;41.24954509262255; 69.30820679213805;;
5;Mirzo Ulug‘bek tumani;Гульсанам; T.Malik ko‘chasidagi (“Monako” akvaparki oldidagi) hudud;41.3330096 1287117;69.37546812804864  ;140 m2;бўш
;;;;41.3331736773 6331 ;69.3752049670 1967;;
;;;;41.3332062503 01835  ;69.3752440259 0083;;
;;;;41.3330541769 9862 ;69.3755081379 6845 ;;
6;Mirzo Ulug‘bek tumani;Азамат; Gulsanam ko‘chasidagi 2-uy (TTZ mavzesi carvon benzin stansiyasi hududida) hudud;41.3594430732446;69.38572190453957 ;140 m2;10:09:43:01:03:0079 korzinka
;;;;41.3595122594 26026 ;69.38604257546267;;
;;;;41.3594625066 12125;69.3860511048 1302 ;;
;;;;41.3594013961 072;69.3857297818 9295 ;;
7;Mirzo Ulug‘bek tumani;Элабад;Buyuk Ipak yo‘li ko‘chasi 121-uy manzilida joylashgan hudud ;41.329767322376895;69.33447136636804 ;105 m2;бўш
;;;;41.3297978677 0893;69.33472085670557 ;;
;;;;41.3297520501 9954;69.33473379089378 ;;
;;;;41.3297090133 6281;69.3344897567 6973 ;;
8;Shayxontoxur tumani;Ибн Сино;Yoqub Ziyoyev ko‘chasida joylashgan hudud;41.336087375115824;69.16736397570325;140 m2;бўш
;;;;41.336081837904516;69.16769093005804;;
;;;;41.33603611234397;69.16769256238838;;
;;;;41.336042906745995;69.16736397730784;;
9;Yunusobod tumani;Богибустан;Boykent ko‘chasidagi, (“Chevrolet lux avto motors” oldidagi) hudud;41.33578947588009;69.31537987034758;105 m2;бўш
;;;;41.335828377161256;69.31562439442355;;
;;;;41.33578527207264;69.31564661751416;;
;;;;41.335746357286155;69.31539658229592;;
10;Yunusobod tumani;Турк Курган;Kichik halqa yo‘li ko‘chasidagi (“aka-uka” kafesi oldidagi) hudud;41.34303872592564;69.2652431243376;70 m2;бўш
;;;;41.34292920270637;69.26542663882624;;
;;;;41.342909830371894;69.26540263552027;;
;;;;41.34301096067584;69.26521542370233;;
11;Olmazor tumani;Орзу;Kichik halqa yo‘li ko‘chasidagi (“ASR” restorani oldidagi) hudud;41.34179535934994;69.20930646193108;70 m2;"10:08:44:03:03:0059 ""MEHRINISO INVEST"""
;;;;41.341827331262;69.20935089808484;;
;;;;41.34174528052575;69.20948976646369;;
;;;;41.341711939326714;69.20944906305564;;
12;Olmazor tumani;Зиё;Kichik halqa yo‘li ko‘chasi 19-uy hamda Nukus kinoteatri orasidagi hudud;41.350298303300896;69.21722318733597;70 m2;бўш
;;;;41.35028168257032;69.2173897126522;;
;;;;41.35023727876191;69.21738413522279;;
;;;;41.350248320160084;69.21721580493809;;
13;Mirobod tumani;;Farg‘ona yo‘li ko‘chasi 222/6-uy hududi;;;0 m2;бўш
;;;;;;;
;;;;;;;
;;;;;;;
14;Mirobod tumani;Банокатий;Seul ko‘chasidagi (Onix biznes markazi oldidagi) hudud;41.27508765314743;69.29122620090763;105 m2;бўш
;;;;41.27490965878422;69.29152683071777;;
;;;;41.27487190234176; 69.29148456711052;;
;;;;41.27505349265073;69.29118234244727;;
15;Mirobod tumani;Тонг Юлдузи;Farg‘ona yo‘li ko‘chasi 222/5-uy hudud;41.282551886637265;69.3050596803808;105 m2;бўш
;;;;41.28257255253868;69.30512606165989;;
;;;;41.282414351333586;69.30522468527457;;
;;;;41.28239083490551;69.30516209721141;;
16;Sergeli tumani;Кумарик;Qumariq ko‘chasi yuzida joylashgan (Aeroport avtoturargohi)ni ;41.249537441884435;69.26125903148856;105 m2;бўш
;;;;41.24978864886085;69.26125903148856;;
;;;;41.24978798159103;69.261320977105;;
;;;;41.24953536992861;69.26132030646706;;
17;Mirobod tumani;Зиёнур;Yangi Qo‘yliq ko‘chasi 16b-uy manzilida joylashgan hudud;41.252286260647736;69.30800900794189;105 m2;бўш
;;;;41.2522406972225;69.30800900794189;;
;;;;41.25224489385512;69.307748248396;;
;;;;41.25228985775891;69.30774745096619;;
18;Mirzo Ulug‘bek tumani;Гульсанам; Uzumzor ko‘chasida joylashgan Bo‘z 2 dahasi, 4-uy (avtomobillarga xizmat ko‘rsatish maskani oldidagi) hudud;41.33300961287117;69.37546812804864 ;140 m2;5 рақам билан такрорий
;;;;41.33317367736331;69.37520496701967;;
;;;;41.333206250301835;69.37524402590083 ;;
;;;;41.33305417699862;69.37550813796845 ;;
19;Mirzo Ulug‘bek tumani;Янги Камолот; Feruza mavzesi 24-uy manzilida joylashgan hudud;41.3577172 9025952;69.36657199340699 ;105 m2;10:09:43:01:01:0158 AT KVARTAL BUILD ООО
;;;;41.3577646795 3091 ;69.3665443041 0208;;
;;;;41.3578593516 6773;69.3667630208 9707 ;;
;;;;41.3578204127 8343 ;69.3667981794 4828;;
20;Mirzo Ulug‘bek tumani;Шахрисабз;O‘zbekiston ovozi ko‘chasi 2-uy (Brookland avto yuvish maskani oldidagi) ;41.310935038504994;69.28459025142138 ;140 m2;бўш
;;;;41.3109320257 8378;69.28465429332108 ;;
;;;;41.3106857131 0397 ;69.28463293934996;;
;;;;41.3106740665 1044 ;69.28455930325953;;
21;Mirzo Ulug‘bek tumani;Мустакиллик;Istiqlol ko‘chasi 9-uy (Infin bank bosh ofisi hududidagi avtoturargoh oldidagi) ;41.313715535983256;69.28381293488515 ;140 m2;бўш
;;;;41.3136752063 6427;69.28376334674314 ;;
;;;;41.3138734465 72536 ;69.283550305006;;
;;;;41.3139107528 79664;69.28360003900693 ;;
22;Mirzo Ulug‘bek tumani;Ойдин; Katta Darxon ko‘chasi 9-uy manzilda joylashgan avtoturargoh;41.3320894 9330998;69.312416471796 ;140 m2;қисман 10:09:40:01:04:0058  GLOBUS COMPANY ООО
;;;;41.3320683663 2272;69.3123469620 6332 ;;
;;;;41.3323067879 4313;69.3122381732 863 ;;
;;;;41.3323244891 2678 ;69.3122983889 0287;;
23;Uchtepa tumani;Ширин; 26-mavze hududidagi (Avrora Hotel avtoturargohi)ni DXSh ;41.27784665595491;69.17623794177703;70 m2;бўш
;;;;41.2778061773616;69.17626946561826;;
;;;;41.27773792713908;69.17613998229676;;
;;;;41.27778104713598;69.1761066289464;;
24;Chilonzor tumani;Bekto'pi MFY;“Algoritm” zavodi, Diydor ko‘chasidagi Institut avtoturargohi hududi;41.26174350643106;69.1641045750897;140 m2;38-oilaviy poliklinika qurish uchun ajratilgan Yer uchastkasi № A1726294003/21
;;;;41.26171152576165;69.16414528419291;;
;;;;41.26151148723016;69.16393341413011;;
;;;;41.261537816023115;69.16388939144677;;
25;Shayxontoxur tumani;Чакар;Furqat ko‘chasida joylashgan (Havas food supermarket oldidagi) hudud;41.31981495598507;69.24182510207649;70 m2;"10:10:41:05:01:0015 ""DILQOZ BIZNES"""
;;;;41.31981504087858;69.24187339748786;;
;;;;41.319659161927746;69.24186958132044;;
;;;;41.31965917258771;69.24181769470738;;
26;Shayxontoxur tumani;Чакар; Furqat ko‘chasida joylashgan (Real business academy o‘quv markazi oldidagi) hudud;41.31653686426992;69.24150583624085;140 m2;10:10:41:05:02:0110 SHA-ABDULLAYEV DILSHOD SHAXUSANOVICH 
;;;;41.31653556193574;69.2415686799934;;
;;;;41.31627316175381;69.2415374556943;;
;;;;41.316277251362656;69.24148012984355;;
27;Shayxontoxur tumani;Караташ;Qoratosh ko‘chasi 11a-uy manzilida joylashgan (Media Park “Xalqlar do‘stligi”) hudud;41.31410059687371;69.23675056002344;140 m2;бўш
;;;;41.31397795387566;69.23704290849916 ;;
;;;;41.313932101286795;69.23702625628344;;
;;;;41.314060278308524;69.23672277631638;;
28;Shayxontoxur tumani;Урда; Botir Zokirpv ko‘chasi 6-uy manzilidagi (Olimpiya qo‘mitasi binosining yon tomoni) hududni;41.31717878453255;69.25467198535767;140 m2;бўш
;;;;41.317155466791824;69.2550096358764;;
;;;;41.31710777209283;69.25500489598721;;
;;;;41.317136572336516;69.2546706514369;;
29;Yunusobod tumani;;Bog‘ishamol ko‘chasidagi avtoturargoh.;;;0 m2;
;;;;;;;
;;;;;;;
;;;;;;;
30;Yunusobod tumani;Актепа; Bo‘zsuv 1-berk ko‘chasida joylashgan (“Hayat River” restorani) hududi;41.36510521975463;69.33037591798585;140 m2;бўш
;;;;41.36509425308403;69.330442530049;;
;;;;41.36486640196671;69.33033329792478;;
;;;;41.36490468685023;69.33027404814304;;
31;Yunusobod tumani;Минор; Amir Temur shohko‘chasida joylashgan (“Amir” biznes-markazi) hududi;41.331070129689365;69.2829941948649;70 m2;бўш
;;;;41.331047888305235;69.28317376318854;;
;;;;41.331004808544755;69.2831681815767;;
;;;;41.33102982200602;69.28298494550695;;
32;Yunusobod tumani;Матонат;Abdulla Qodiriy ko‘chasi 38a-uy ko‘chasida joylashgan (The watch outlet) hududi;41.32266828477614;69.27711491263278;70 m2;бўш
;;;;41.3226446287906;69.27727110524617;;
;;;;41.32260559853209;69.27726000523234;;
;;;;41.32262239579532;69.2771037819097;;
33;Yunusobod tumani;Бадамзар; Bog‘ishamol ko‘chasi, 57-uy ko‘chasida joylashgan (Fuqarolik ishlari bo‘yicha Mirzo Ulug‘bek tuman sudi) hududi;41.34071781028953;69.29343838363272;70 m2;бўш
;;;;41.34071644576075;69.29348647622334;;
;;;;41.34058036493342;69.2934587743804;;
;;;;41.3405761958122;69.29341436519815;;
34;Yunusobod tumani;Астрабад; Rixsiliy ko‘chasida joylashgan (Korzinka) hududni;41.37263795918766;69.27403654160081;70 m2;10:07:45:02:02:0116 туман хокимлиги
;;;;41.37253659446398;69.2741439034924;;
;;;;41.37251174484768;69.27409202923064;;
;;;;41.37261295626351;69.27398654500138;;
35;Yakkasaroy tumani;Бобур; Bobur ko‘chasida joylashgan (“Do‘stlik” parki) hududn;41.273733859149736;69.26038576177949;140 m2;бўш
;;;;41.273754527843366;69.26044360832765;;
;;;;41.27398259575244;69.26030800084591;;
;;;;41.27396477797574;69.2602577407303;;
36;Olmazor tumani;Шифокорлар;Forobiy ko‘chasi 448a-uy manzilida joylashgan hududni ;41.349303090562714; 69.17768468867449;70 m2;бўш
;;;;41.349336465222144;69.17784742846281;;
;;;;41.34929339162339;69.17786039023797;;
;;;;41.349264230665845;69.17769755129444;;
37;Chilonzor tumani;Botirma MFY; Chilonzor ko‘chasi 55-uy manzilida joylashgan (“Chilonzor” savdo markazi) hudud;41.282748286136226;69.22282448099747;140 m2;бўш
;;;;41.282714906483136; 69.22285784763751;;
;;;;41.28253010944611;69.22261169156076;;
;;;;41.28256352701356;69.22256919374071;;
38;Mirobod tumani;Тонг Юлдузи; Farg‘ona yo‘li ko‘chasi 222/8-uy manzilida joylashgan (“Yangi Hayot” turar-joy majmuasi) hudud;41.28354334810743;69.30492588379143;105 m2;бўш
;;;;41.28335775874154;69.30502963518377;;
;;;;41.283333182941185;69.30495407710455;;
;;;;41.283520467255215; 69.30484807024717;;
39;Yangixayot tumani;Янги Дархан;Navro‘z ko‘chasi 22-uy manzilda joylashgan (Simma hotel) hudud;41.2235609374314;69.2000143807756;140 m2;10:12:41:01:01:0062 туташ худуд
;;;;41.22381104470747;69.20001358335006;;
;;;;41.223810444930955;69.20007578254166;;
;;;;41.223559737873806;69.20007737739273;;
40;Yunusobod tumani;Кашгар;Istiqlol ko‘chasidagi Hyatt Regency qarshisidagi avtoturargoh;41.31584183953874;69.27636246663019;175 m2;бўш
;;;;41.315742857060954;69.27678156218415;;
;;;;41.315701710067934;69.27675935253306;;
;;;;41.31579847679884;69.27633909074831;;
41;Yunusobod tumani;Кашгар;Markaz 4-mavzesi, 12-uy qarshisidagi avtoturargoh FidoBiznes ;41.31868170039915;69.27739339556886;70 m2;бўш
;;;;41.318667797334506;69.27744874048739;;
;;;;41.31853598918032;69.27738978169549;;
;;;;41.318545661187756;69.27734360161382;;
42;Mirzo Ulug‘bek tumani;Мустакиллик;Mustaqillik ko‘chasi, 6-uy manzilida joylashgan “UzbeEnergo” binosi yaqinidagi avtoturargohni DXSh ;41.3149405 7796338;69.2808812203477 ;140 m2;бўш
;;;;41.3148180662 3696;69.2811898149 7387 ;;
;;;;41.3147722932 44815;69.2811547842 6385 ;;
;;;;41.3148778859 55354;69.2808460896 2742 ;;
43;Mirzo Ulug‘bek tumani;Лашкарбеги;Hamid Olimjon maydoni, 13a-uy manzilida joylashgan“Xalq Bank” avtoturargoh;41.318592334106725;69.2933820764885 ;140 m2;бўш
;;;;41.3185728536 5645;69.2933376142 525 ;;
;;;;41.3187705391 73045;69.2931153897 504 ;;
;;;;41.3187941396 5393;69.2931746886 811 ;;
44;Mirzo Ulug‘bek tumani;Хабиб Абдуллаев; Yalang‘och dahasi qarshisida joylashgan Tennis korti avtoturargoh;41.3492091 7627895;69.34407349086126 ;140 m2;10:09:42:01:03:0275 Хакимият М.Улугбекского района 
;;;;41.3492119530 4924;69.3441289736 32 ;;
;;;;41.3489495980 2362;69.3441400425 8846 ;;
;;;;41.3489564956 17536;69.3440864367 8526 ;;
45;Yunusobod tumani;Матонат; Abdulla Qodiriy ko‘chasidagi avtoturargoh ;41.32608816524143;69.27400551321105;70 m2;бўш
;;;;41.326081213769974;69.27406475656805;;
;;;;41.32593388666753;69.27402036123848;;
;;;;41.32595191580808;69.27397218905676;;
46;Yunusobod tumani;Шайх Шивли;Chingiz Aytmatov ko‘chasi, 37-uyda joylashgan Mo‘ljal: “Belfarm”.qarshisidagi avto turargoh;41.334130124013704;69.29210300701679;70 m2;бўш
;;;;41.33412683884973;69.29214269161547;;
;;;;41.333953345642115;69.29212261159478;;
;;;;41.33395832231734;69.29207638635957;;
47;Yunusobod tumani;Минор; Amir Temur shohko‘chasi, 99-uy va Kichik halqa avtomobil yo‘li ko‘chasi, 20-uylar oralig‘ida joylashgan NBU avtoturargoh;41.33521346614896;69.28230666605927;123 m2;бўш
;;;;41.33521903854996;69.28234919937961;;
;;;;41.3348171953706; 69.28226761538676;;
;;;;41.33482125893678;69.28223789995394;;
48;Olmazor tumani;Тараккиёт; Qorasaroy ko‘chasi, 269-uy va 2576-uylar oralig‘idagi“Bosforus” restorani yaqinidagi avtoturargoh;41.35031775769792;69.2414469529821;70 m2;бўш
;;;;41.35030108723432;69.24160239908102;;
;;;;41.35025246599949;69.24160054827969;;
;;;;41.35027330401536;69.24143584957145;;
49;Olmazor tumani;Янги Себзар; Abdulla Qodiriy ko‘chasi, 1-uy Afiyet Doner Kebap ;41.33018207404198;69.24591606304706;70 m2;бўш
;;;;41.330130558179235;69.24606632053796;;
;;;;41.330088864863086;69.24603655825838;;
;;;;41.330133382984364;69.24589206962031;;
50;Mirzo Ulug‘bek tumani;; Sayram, 4-tor ko‘chasi, 926-uy va Sayram, 5-tor ko‘chasi, 92-uylar oralig‘ida joylashgan Tin Market supermarket hududi;;;0 m2;
;;;;;;;
;;;;;;;
;;;;;;;
51;Mirzo Ulug‘bek tumani;Лашкарбеги;Niyozbek yo‘li, 6-tor ko‘chasi, 13-uy qarshisidagi avtoturargoh;41.3189521 7493228;69.29250893454375 ;105 m2;бўш
;;;;41.3189213486 747 ;69.2925594954 7814;;
;;;;41.3187940153 50086 ;69.2923743985 337;;
;;;;41.3188445262 2929;69.2923274302 099 ;;
52;Mirzo Ulug‘bek tumani;Дархан;Oqqo‘rg‘on ko‘chasidagi Yoshlik sport kompleksi oldi tarafidagi avtoturargoh;41.3252766 6165023;69.30458617956792 ;105 m2;бўш
;;;;41.3252599805 4878;69.3046604580 857 ;;
;;;;41.3250761595 4501 ;69.3046257605 0046;;
;;;;41.3250970319 615;69.3045498110 7086 ;;
53;Yunusobod tumani;;Korzinka sayram yunusobod;;;;
;;;;;;;
;;;;;;;
;;;;;;;
54;Yashnaobod tumani;Хосиятли; Beshariq ko‘chasi, 7-uyning yon tomonidagi avtoturargo;41.28336732421402;69.3409289893683;105 m2;бўш
;;;;41.2832004596082;69.34105242772745;;
;;;;41.28317979054878;69.34099875887564;;
;;;;41.283345142840844;69.34087599137713;;
55;Olmazor tumani;Чигатай Дарваза;Chig‘atoy darvoza ko‘chasi, 1a-uyning qarshisidagi avtoturargoh;41.33675171661148;69.22219207906682;70 m2;бўш
;;;;41.33672345112543;69.22224268911229;;
;;;;41.336627184362555;69.22212555370028;;
;;;;41.33666212234736;69.22207491385475;;
56;Mirzo Ulug‘bek tumani;Аль-Фараби; Ahmad Yugnakiy dahasi, 43a-uyning yon tomonidagi avtoturargoh;41.3459630 6017961;69.39081648568725 ;140 m2;бўш
;;;;41.3460048036 1187;69.3907775355 4467 ;;
;;;;41.3461324729 3212;69.3910707514 4612 ;;
;;;;41.3460936924 78384;69.3911006443 8316 ;;
57;Olmazor tumani;Мискин; Yangi Olmazor ko‘chasi, 20-uydagi Yarim o‘tkazgichlar instituti hududi;41.35056198233959;69.25218320174886;53 m2;бўш
;;;;41.35055918355349;69.25225870258267;;
;;;;41.350467806738685;69.2522372131621;;
;;;;41.350469180836676;69.25217438469548;;
58;Olmazor tumani;Тараккиёт;Kichik halqa yo‘li ko‘chasi, 5a-uy oldidagi hudud;41.34806322957037;69.24959512632674;35 m2;бўш
;;;;41.348063239603384;69.24967650323865;;
;;;;41.34801590084181;69.24968213976803;;
;;;;41.34801594385354;69.2495988439863;;
59;Olmazor tumani;Олимпия;Olimpiya mahallasi, Ahmadjon Qori masjidi oldidagi hudud;41.360861757237025;69.19495776688353;70 m2;бўш
;;;;41.36084641739986; 69.19501143851197;;
;;;;41.36073266016619;69.19498599292815;;
;;;;41.360739646014956;69.19492125955585;;
60;Olmazor tumani;Замондош;Kichik halqa yo‘li ko‘chasi, 365-uy oldidagi hududni ;41.350088785675375;69.22533532526334;70 m2;10:08:43:03:03:0268 туман хокимлиги номида
;;;;41.35007488943078;69.22549814820128;;
;;;;41.35002489909102;69.22548888423681;;
;;;;41.35004016613824;69.22533347484683;;
61;Olmazor tumani;Зиё;Qoraqamish ko‘chasi, 26-uy oldidagi hudud;41.35836631351065;69.21270541141892;70 m2;қисман 10:08:44:03:02:0067 хокимлик номида
;;;;41.35835637332583;69.21287508549175;;
;;;;41.358311735426156;69.21287508527058;;
;;;;41.35832666346067;69.21270098232422;;
62;Olmazor tumani;Истикбол;Qoraqamish ko‘chasi, 1a-uy oldidagi hududni;41.36100304449588;69.21491579189866;70 m2;бўш
;;;;41.36099970574984;69.21497354078461;;
;;;;41.360871931120265;69.21497944162189;;
;;;;41.360876343579825;69.21492467658061;;
63;Olmazor tumani;Гуруч Арык;Sag‘bon ko‘chasi (Islomobod masjidi oldi)dagi hudud;41.347719854354885;69.22845162402552;70 m2;бўш масжид автотураргохи
;;;;41.347721268941385;69.22850680684797;;
;;;;41.34759255721253;69.22851612408536;;
;;;;41.34759238346214;69.22846468460877;;
64;Olmazor tumani;Юкары Себзар; At-Termiziy masjidi ro‘parasidagi hudud;41.337543395717496;69.25099988136589;70 m2;бўш
;;;;41.33751839209859;69.25104799426529;;
;;;;41.33743071489667;69.25094801743147 ;;
;;;;41.337461371771234;69.25089617771444;;
65;Olmazor tumani;Чилтуган; Kichik halqa yo‘li ko‘chasi (Koredo mebel oldi)dagi hudud;41.348238994440976; 69.2542167108642;70 m2;10:08:46:02:02:0132 туташ худуд
;;;;41.348226475752774; 69.25438526788949;;
;;;;41.3481889988789; 69.25438498567723;;
;;;;41.34818896162623;69.25421485875128;;
66;Olmazor tumani;Чилтуган; Ahmad Donish ko‘chasi (Taxtapul Iskandarxo‘ja masjidi oldi)dagi hudud;41.34597270649713;69.2587305659383;70 m2;бўш масжид автотураргохи
;;;;41.34591656808957;69.2588721213457;;
;;;;41.34587320483732;69.25883521143481;;
;;;;41.345936969902986;69.25869750985353;;
67;Shayxontoxur tumani;Кохата;Nurafshon ko‘chasi (Kohota masjidi oldi)dagi hudud;41.33646508733587;69.25984327840455;70 m2;бўш
;;;;41.33639431644479;69.25998558476219;;
;;;;41.33635962491979;69.25995601454065;;
;;;;41.336431783444034;69.25980631568007;;
68;Mirobod tumani;Афрасиаб; Afrosiyob ko‘chasi (Moti panasia kitchen kafe oldi)dagi hudud;41.3001062833851;69.27232110062322;105 m2;10:11:40:01:02:0158 хокимлик номида
;;;;41.30010779466814;69.27231975951885;;
;;;;41.29997631291058;69.27245856382011;;
;;;;41.29995112480417;69.27241363682404;;
69;Mirzo Ulug‘bek tumani;Бешкапа; Buyuk Ipak yo‘li ko‘chasi, 414-uy oldidagi hudud;41.35180554550432;69.38476871798363;105 m2;бўш
;;;;41.3517531958889;69.3847982222814;;
;;;;41.35168977225996;69.38458766888363;;
;;;;41.35173708830644;69.38455548237697;;
70;Mirzo Ulug‘bek tumani;Минглола;Avayxon ko‘chasi (Oltin Tepa masjidi oldi)dagi hudud;41.3235973862253;69.35718949826227 ;140 m2;бўш
;;;;41.3235570698 2678;69.35714711796774 ;;
;;;;41.3237321222 6874 ;69.3568879655 533;;
;;;;41.3237695764 7469;69.3569323379 231 ;;
71;Mirzo Ulug‘bek tumani;Авайхан;Avayxon ko‘chasi (Avtosalon oldi)dagi hududni ;41.322093850769846;69.36007297718915 ;140 m2;10:09:07:03:04:0128 AVAYXON OBOD GROUP ООО
;;;;41.322063311252435 ;69.3600399445 9385;;
;;;;41.3222285838 2537;69.3597628052 6111 ;;
;;;;41.3222563730 56106;69.3598016575 4617 ;;
72;Sergeli tumani;Зийнат;Shokirariq ko‘chasi (Malika restorani oldi)dagi hudud;41.21711393440411;69.21806909179834;105 m2;бўш туташ худуд
;;;;41.217202204616065;69.21829037404821;;
;;;;41.217160843731584;69.21832121945273;;
;;;;41.217073582267545;69.21809390223241;;
;;;;41.21697774584177;69.21778880095333;35 m2;
;;;;41.21701557602594;69.21776466107154;;
;;;;41.2170443269513;69.21784445679195;;
;;;;41.21700447917419; 69.21786792612147;;
73;Uchtepa tumani;Чапан-ата;Izza ko‘chasi (Izza Gumbaz oldi)dagi hududni ;41.278114604373975;69.14797588920104;70 m2;бўш
;;;;41.278154979565336;69.14812675818906;;
;;;;41.27810366225186;69.14815459726184;;
;;;;41.2780729821197;69.1480035802987;;
74;Uchtepa tumani;Фазылтепа; Izza ko‘chasi (Izza korzinka oldi)dagi hudud;41.28128362094839;69.15534702805333;70 m2;10:01:47:01:02:0040 XALILOV SHERZODXON AKMALXON
;;;;41.281285020766454; 69.15540431584135;;
;;;;41.28116446559155; 69.15540806814015;;
;;;;41.281158922089375;69.15533983417241;;
75;Uchtepa tumani;Хамдуст;Zargarlik ko‘chasi (Magic Galaxy oldi)dagi hudud;41.271217324136586;69.17571596417625;70 m2;10:01:46:03:03:0086 МЧЖга тегишли
;;;;41.27119077754456;69.1757713872888;;
;;;;41.27110867552736;69.17564361841299;;
;;;;41.27114359721946;69.17559381039312;;
76;Chilonzor tumani;Katta Chilonzor MFY;Al-Xorazmiy ko‘chasi (sobiq Parlament restorani oldi)dagi hudud;41.272322856177446; 69.19304627140222;70 m2;10:03:02:02:02:0046 Bo’sh yer maydoni
;;;;41.27230059149383;69.19309443339652;;
;;;;41.27218896426681;69.19303311027187;;
;;;;41.272202827988224;69.1929792452865;;
77;Shayxontoxur tumani;Катта Джарарык;Jarariq ko‘chasi (Uzumzor restorani oldi)dagi hudud;41.33926439971538;69.17767913130889;70 m2;10:10:46:02:01:0080 туман хокимлиги номида
;;;;41.339267196698486; 69.17784575824513;;
;;;;41.33922130377296;69.17784766690966;;
;;;;41.339221304404596;69.17768665872799;;
78;Shayxontoxur tumani;Аклан;Mannon Uyg‘ur ko‘chasi (Oqilon mahalla)dagi hudud;41.32187678300002;69.21489104269506;70 m2;бўш
;;;;41.321876819762444;69.21495032741146;;
;;;;41.32175572804083;69.21497284998141;;
;;;;41.32174322568088;69.2149134400621;;
79;Shayxontoxur tumani;Кукча;Mannon Uyg‘ur ko‘chasi (Ko‘kcha masjidi oldi)dagi hudud;41.32318074277649;69.2055719093025;123 m2;10:10:06:02:02:0049 Кўкча масжиди худуди
;;;;41.32321415719256;69.20586264451954;;
;;;;41.32316958535166;69.20586305140398;;
;;;;41.32313477767265;69.20557939035359;;
80;Shayxontoxur tumani;Чорсу; Qoratosh ko‘chasi (Tashkent Jewellery Centre oldi)dagi hudud;41.320399914046575;69.22579908789614;123 m2;бўш
;;;;41.32026735560963;69.22603231056424;;
;;;;41.3202284586996;69.22599350471621;;
;;;;41.320360968655876;69.22577681852138;;
81;Yunusobod tumani;Туркистан;Moyqo‘rg‘on ko‘chasi (“Huzur” mehmonxona oldi)dagi hududni;41.36919902019926;69.2669014516465;140 m2;бўш
;;;;41.36905180499974;69.26716045081595;;
;;;;41.36901159721766; 69.2671105721837;;
;;;;41.369161432960084;69.2668660405134;;
82;Yunusobod tumani;Биллур;Quloqtepa ko‘chasi (Billur restorani oldi)dagi hududni ;41.368915341823495;69.28067980717161;140 m2;бўш
;;;;41.36888895650071;69.2807261772006;;
;;;;41.36868592623925;69.280574204762;;
;;;;41.368719447451504;69.2805187633489;;
83;Yunusobod tumani;Уч Кахрамон;Katta halqa yo‘li ko‘chasidagi hududni DXSh asosida ijaraga berish;41.38323754129687;69.285333678593;70 m2;бўш
;;;;41.38320151095179;69.28553636381355;;
;;;;41.3831598712366;69.28552158047002;;
;;;;41.38319861237443;, 69.28531729760978;;
84;Yunusobod tumani;Посира;Bog‘ishamol ko‘chasi (Sanpi G‘ijduvon kafesi oldi)dagi hududni ;41.351963474703375;69.33014492617984;70 m2;бўш
;;;;41.35192738730997;69.33019283352702;;
;;;;41.351841334230976;69.33008364511782;;
;;;;41.35187878826495;69.33002636139501;;
85;Yunusobod tumani;Буюк Туран;“Abdulla Qodiriy” ko‘chasi (Pro.Xinkali Restoran oldi)dagi hududl;41.321626952960536;69.28353264642207;70 m2;бўш
;;;;41.32158550240962;69.28370960201269;;
;;;;41.32154809396165;69.2836987928249;;
;;;;41.32158542146399;69.28352506085163;;
86;Yakkasaroy tumani;Мухандислар; Qushbegi ko‘chasidagi hudud;41.273716028245246;69.24550015528241;140 m2;бўш
;;;;41.27395763780385;69.2454679129424;;
;;;;41.27396262678236;69.24552860440593;;
;;;;41.27371959181456;69.24556369165832;;
87;Yashnaobod tumani;Янги Давр;Jarqo‘g‘on ko‘chasi (Bashkent turar joy majmuasi oldi)dagi hududni ;41.273663425224974;69.33374106753426;70 m2;бўш
;;;;41.27374657943404;69.33386847245232;;
;;;;41.27370928604429;69.33390803503217;;
;;;;41.273630667477164;69.33378130066629;;
88;Yunusobod tumani;Катта Хасанбай;Katta halqa yo‘li hamda Yangiqo‘rg‘on ko‘chasida joylashgan (Sulton garden kafesioldida)dagi hudud;41.39794727555695;69.24360587746368;70 m2;бўш
;;;;41.397943055133;69.24366709888434;;
;;;;41.397826134052345;69.2436652760275;;
;;;;41.39781775201619;69.24360956374035;;
;;;;;;;
;;;;;;;
